"id","source","offset","ownerType","ownerMethod","original"
"E0001","sharedassets0.assets","9744",,,"黒塗り"
"E0002","sharedassets0.assets","206480",,,"おやすみ"
"E0003","sharedassets0.assets","403552",,,"Echoes寝床"
"E0004","sharedassets0.assets","404032",,,"パパ　ママ"
"E0005","sharedassets0.assets","601072",,,"廃墟2"
"E0006","sharedassets0.assets","601232",,,"兵士"
"E0007","sharedassets0.assets","601392",,,"連行アニメ1"
"E0008","sharedassets0.assets","798128",,,"ノートアニメ1"
"E0009","sharedassets0.assets","995040",,,"髪飾り"
"E0010","sharedassets0.assets","995200",,,"ペット"
"E0011","sharedassets0.assets","1192096",,,"プレゼント"
"E0012","sharedassets0.assets","1388848",,,"戦火"
"E0013","sharedassets0.assets","1389008",,,"倉庫_帯3"
"E0014","sharedassets0.assets","1389168",,,"かみかざり"
"E0015","sharedassets0.assets","1783296",,,"廃墟2マスク"
"E0016","sharedassets0.assets","1783456",,,"スチル"
"E0017","sharedassets0.assets","1783616",,,"ノートアニメ2"
"E0018","sharedassets0.assets","1980368",,,"かじアンドロイド"
"E0019","sharedassets0.assets","2177616",,,"廃墟2雨"
"E0020","sharedassets0.assets","2177936",,,"ボタンアイコン"
"E0021","sharedassets0.assets","2178112",,,"ボリュームアイコン"
"E0022","sharedassets0.assets","2178288",,,"カーソル2"
"E0023","sharedassets0.assets","2178448",,,"Echoes寝床エンドロール"
"E0024","sharedassets0.assets","2178784",,,"廃墟2夜"
"E0025","sharedassets0.assets","2178944",,,"枠1"
"E0026","sharedassets0.assets","2179088",,,"てつなぎ"
"E0027","sharedassets0.assets","2375824",,,"連行"
"E0028","sharedassets0.assets","2572896",,,"連行アニメ4"
"E0029","sharedassets0.assets","2769632",,,"ゲーム"
"E0030","sharedassets0.assets","2966688",,,"ノートアニメ4"
"E0031","sharedassets0.assets","3163440",,,"廃墟2_帯"
"E0032","sharedassets0.assets","3163600",,,"廃墟2夜明け前_帯"
"E0033","sharedassets0.assets","3163776",,,"倉庫"
"E0034","sharedassets0.assets","3163936",,,"セーター"
"E0035","sharedassets0.assets","3360672",,,"廃墟2夜明け前"
"E0036","sharedassets0.assets","3360832",,,"ノート"
"E0037","sharedassets0.assets","3557568",,,"破壊"
"E0038","sharedassets0.assets","3754304",,,"ノートアニメ3"
"E0039","sharedassets0.assets","3951056",,,"連行アニメ2"
"E0040","sharedassets0.assets","4147792",,,"壊れた髪飾り"
"E0041","sharedassets0.assets","4148112",,,"連行アニメ3"
"E0042","sharedassets0.assets","4344848",,,"洗濯"
"E0043","sharedassets0.assets","7606336",,,"カーソル2_0"
"E0044","sharedassets0.assets","7615184",,,"廃墟2雨_0"
"E0045","sharedassets0.assets","7633744",,,"壊れた髪飾り_0"
"E0046","sharedassets0.assets","7634416",,,"髪飾り_0"
"E0047","sharedassets0.assets","7702976",,,"枠1_0"
"E0048","sharedassets0.assets","7706448",,,"ボタンアイコン_1"
"E0049","sharedassets0.assets","7725504",,,"ボタンアイコン_0"
"E0050","sharedassets0.assets","7730240",,,"スチル_0"
"E0051","sharedassets0.assets","7734240",,,"ボリュームアイコン_0"
"E0052","sharedassets0.assets","7751236",,,"青年"
"E0053","sharedassets0.assets","7751248",,,"少女"
"E0054","sharedassets0.assets","7751408",,,"あ"
"E0055","sharedassets0.assets","7751456",,,"い"
"E0056","sharedassets0.assets","7751504",,,"う"
"E0057","sharedassets0.assets","7751552",,,"え"
"E0058","sharedassets0.assets","7751600",,,"お"
"E0059","sharedassets0.assets","7751648",,,"か"
"E0060","sharedassets0.assets","7751696",,,"き"
"E0061","sharedassets0.assets","7751744",,,"く"
"E0062","sharedassets0.assets","7751792",,,"け"
"E0063","sharedassets0.assets","7751840",,,"こ"
"E0064","sharedassets0.assets","7751888",,,"さ"
"E0065","sharedassets0.assets","7751936",,,"し"
"E0066","sharedassets0.assets","7751984",,,"す"
"E0067","sharedassets0.assets","7752032",,,"せ"
"E0068","sharedassets0.assets","7752080",,,"そ"
"E0069","sharedassets0.assets","7752128",,,"た"
"E0070","sharedassets0.assets","7752176",,,"ち"
"E0071","sharedassets0.assets","7752224",,,"つ"
"E0072","sharedassets0.assets","7752272",,,"て"
"E0073","sharedassets0.assets","7752320",,,"と"
"E0074","sharedassets0.assets","7752368",,,"な"
"E0075","sharedassets0.assets","7752416",,,"に"
"E0076","sharedassets0.assets","7752464",,,"ぬ"
"E0077","sharedassets0.assets","7752512",,,"ね"
"E0078","sharedassets0.assets","7752560",,,"の"
"E0079","sharedassets0.assets","7752608",,,"は"
"E0080","sharedassets0.assets","7752656",,,"ひ"
"E0081","sharedassets0.assets","7752704",,,"ふ"
"E0082","sharedassets0.assets","7752752",,,"へ"
"E0083","sharedassets0.assets","7752800",,,"ほ"
"E0084","sharedassets0.assets","7752848",,,"ま"
"E0085","sharedassets0.assets","7752896",,,"み"
"E0086","sharedassets0.assets","7752944",,,"む"
"E0087","sharedassets0.assets","7752992",,,"め"
"E0088","sharedassets0.assets","7753040",,,"も"
"E0089","sharedassets0.assets","7753088",,,"や"
"E0090","sharedassets0.assets","7753136",,,"ゆ"
"E0091","sharedassets0.assets","7753184",,,"よ"
"E0092","sharedassets0.assets","7753232",,,"ら"
"E0093","sharedassets0.assets","7753280",,,"り"
"E0094","sharedassets0.assets","7753328",,,"る"
"E0095","sharedassets0.assets","7753376",,,"れ"
"E0096","sharedassets0.assets","7753424",,,"ろ"
"E0097","sharedassets0.assets","7753472",,,"わ"
"E0098","sharedassets0.assets","7753520",,,"を"
"E0099","sharedassets0.assets","7753568",,,"ん"
"E0100","sharedassets0.assets","7753616",,,"が"
"E0101","sharedassets0.assets","7753668",,,"ぎ"
"E0102","sharedassets0.assets","7753720",,,"ぐ"
"E0103","sharedassets0.assets","7753772",,,"げ"
"E0104","sharedassets0.assets","7753824",,,"ご"
"E0105","sharedassets0.assets","7753876",,,"ざ"
"E0106","sharedassets0.assets","7753928",,,"じ"
"E0107","sharedassets0.assets","7753980",,,"ず"
"E0108","sharedassets0.assets","7754032",,,"ぜ"
"E0109","sharedassets0.assets","7754084",,,"ぞ"
"E0110","sharedassets0.assets","7754136",,,"だ"
"E0111","sharedassets0.assets","7754188",,,"ぢ"
"E0112","sharedassets0.assets","7754240",,,"づ"
"E0113","sharedassets0.assets","7754292",,,"で"
"E0114","sharedassets0.assets","7754344",,,"ど"
"E0115","sharedassets0.assets","7754396",,,"ば"
"E0116","sharedassets0.assets","7754448",,,"び"
"E0117","sharedassets0.assets","7754500",,,"ぶ"
"E0118","sharedassets0.assets","7754552",,,"べ"
"E0119","sharedassets0.assets","7754604",,,"ぼ"
"E0120","sharedassets0.assets","7754656",,,"ぱ"
"E0121","sharedassets0.assets","7754708",,,"ぴ"
"E0122","sharedassets0.assets","7754760",,,"ぷ"
"E0123","sharedassets0.assets","7754812",,,"ぺ"
"E0124","sharedassets0.assets","7754864",,,"ぽ"
"E0125","sharedassets0.assets","7754916",,,"ー"
"E0126","sharedassets0.assets","7755016",,,"゜"
"E0127","sharedassets0.assets","7755220",,,"　　　　　　　　\nことしの　プレゼントは\n\nおてつだい　アンドロイド\n\n\nちょっと　たよりなさそう　だけど\n\nこれから　よろしくね"
"E0128","sharedassets0.assets","7756112",,,"　　　　　　　　\nこれが　ぼくの　かぞく\n\nペットの　ゾーイも\n\nさんぽがふえて　うれしそう"
"E0129","sharedassets0.assets","7756984",,,"　　　　　　　　\nママの　セーターが　ちぢんじゃった\n\nやっぱり　ちょっと　ぬけてるなあ\n\nこのことは　ふたりだけのひみつ"
"E0130","sharedassets0.assets","7757872",,,"　　　　　　　　\nもうちょっと　てかげんしてよ\n\nでも　さすが　アンドロイドだ\n\nぼくも　まけないぞ"
"E0131","sharedassets0.assets","7758692",,,"　　　　　　　　\nおそろしい　ゆめをみた\n\nてをつないで　いっしょに　いてくれた\n\nこわかったけど　わすれられない　よる"
"E0132","sharedassets0.assets","7759576",,,"　　　　　　　　\nその日は　突然やってきた"
"E0133","sharedassets0.assets","7760320",,,"　　　　　　　　\n反旗を翻した機械の軍勢に\n\n私たち「家族」の住む家は\n\n一瞬で焼き払われた"
"E0134","sharedassets0.assets","7761160",,,"　　　　　　　　\n私たちアンドロイドは\n\n強制的に連れて行かれた\n\n\nあなたたちを助けられなくて\n\n　　　　\n\nごめんなさい"
"E0135","sharedassets0.assets","7764344",,,"　　　　　　　　\nTRUE END: こだま"
"E0136","sharedassets0.assets","7764984",,,"　　　　　　　　\n- 絵・文・音楽 -\nびご\n\n- フォント -\n患者長ひっく 様『マルモニカ』\n\n- スペシャルサンクス -\n麦野歩 様\n\n\n\n- 制作 -\nびご"
"E0137","sharedassets0.assets","7766492",,,"［テキストスキップ解放］\n\nCtrlキーまたは右クリックの長押しで、\nテキストを早送りできるようになりました。"
"E0138","sharedassets0.assets","7767668",,,"……はあっ　はあっ……。"
"E0139","sharedassets0.assets","7768248",,,"こんなところで、あんなやつらに、殺されたくない。"
"E0140","sharedassets0.assets","7768836",,,"逃げなければ──"
"E0141","sharedassets0.assets","7769368",,,"ひたすら走って、走って、走って。"
"E0142","sharedassets0.assets","7769924",,,"全身の感覚がなくなるまで、走り続けて──"
"E0143","sharedassets0.assets","7771000",,,"{echo:もう　だいじようぶ}"
"E0144","sharedassets0.assets","7771544",,,"──だれかいるのか？"
"E0145","sharedassets0.assets","7772084",,,"{echo:だいじようぶ　だからね}"
"E0146","sharedassets0.assets","7772632",,,"──わからない"
"E0147","sharedassets0.assets","7774196",,,"──目覚めると、そこは森に囲まれた廃墟だった。"
"E0148","sharedassets0.assets","7774776",,,"ボロボロの布で作られた、原始的な寝床。"
"E0149","sharedassets0.assets","7775344",,,"そばには、非常用のレーションと飲料水も置かれていた。"
"E0150","sharedassets0.assets","7775940",,,"（ここは、どこだ……。）"
"E0151","sharedassets0.assets","7776492",,,"（あのとき、戦闘エリアから必死に逃げだして……。）"
"E0152","sharedassets0.assets","7777084",,,"（もう一歩も歩けずに、そのまま気を失って……。）"
"E0153","sharedassets0.assets","7777664",,,"起き上がり、周りを見渡すと、瓦礫の中に横たわるものが目に入った。"
"E0154","sharedassets0.assets","7778784",,,"アンドロイドかっ！？"
"E0155","sharedassets0.assets","7781480",,,"――お前、戦闘用じゃないな。"
"E0156","sharedassets0.assets","7782040",,,"お前がおれを助けたのか……？"
"E0157","sharedassets0.assets","7782592",,,"ひどく衰弱した、アンドロイドの少女。"
"E0158","sharedassets0.assets","7783156",,,"こちらの言葉は通じていないようだ。"
"E0159","sharedassets0.assets","7783716",,,"見ると、あちこち故障しているらしい。"
"E0160","sharedassets0.assets","7784312",,,"どうやら、言語回路も壊れてしまっているようだ。"
"E0161","sharedassets0.assets","7784900",,,"こいつ、相当弱っていそうだな……。"
"E0162","sharedassets0.assets","7785460",,,"無害のふりをして襲ってくる戦闘用個体もいるという。"
"E0163","sharedassets0.assets","7786044",,,"ここは慎重に接するべきだ。"
"E0164","sharedassets0.assets","7786592",,,"だが、このままだと、こいつはじきにシャットダウンするだろう。"
"E0165","sharedassets0.assets","7787192",,,"それに、こいつから色々と聞き出したいこともある。"
"E0166","sharedassets0.assets","7787780",,,"そういえば。"
"E0167","sharedassets0.assets","7788308",,,"装備の中に、予備の汎用バッテリーがあったことを思い出す。"
"E0168","sharedassets0.assets","7788908",,,"こいつを使えば……。"
"E0169","sharedassets0.assets","7789448",,,"少女の背中に、バッテリーを接続する。"
"E0170","sharedassets0.assets","7791092",,,"{echo:ありがとう}"
"E0171","sharedassets0.assets","7791664",,,"この声は……。"
"E0172","sharedassets0.assets","7792196",,,"それは、あのとき暗闇の中で聞こえた声だった。"
"E0173","sharedassets0.assets","7792772",,,"おそらく、機械の言葉なのだろう。"
"E0174","sharedassets0.assets","7793328",,,"おれにはまったく理解できなかった。"
"E0175","sharedassets0.assets","7793888",,,"なんとか意思疎通したいところだが……どうしたものか。"
"E0176","sharedassets0.assets","7794992",,,"昔は、機械は人の役に立つものだった。"
"E0177","sharedassets0.assets","7795556",,,"仕事をし、家事をし、けが人を助け、子どもの世話をする。"
"E0178","sharedassets0.assets","7796148",,,"当たり前だった日々が、もう思い出せないくらい昔のことに思える。"
"E0179","sharedassets0.assets","7796752",,,"いま、おれたちはただの殲滅対象でしかない。"
"E0180","sharedassets0.assets","7797324",,,"やつらの敵とみなされ、見つかれば即座に殺される。"
"E0181","sharedassets0.assets","7797904",,,"だから、こいつの反応が、どうにも理解できなかった。"
"E0182","sharedassets0.assets","7798720",,,"目が覚めると、相変わらず少女は瓦礫にもたれかかっていた。"
"E0183","sharedassets0.assets","7799312",,,"昨日よりいくらか調子が良さそうで、表情もやわらいでいた。"
"E0184","sharedassets0.assets","7799912",,,"それにしてもこれ、クソまずいな……。"
"E0185","sharedassets0.assets","7800476",,,"口の中で唾液を吸収しつくしたレーションは、さながら粘土のようだった。"
"E0186","sharedassets0.assets","7801088",,,"飲料水の助けを借りつつ、なんとか胃に流し込む。"
"E0187","sharedassets0.assets","7801676",,,"――それにしても。"
"E0188","sharedassets0.assets","7802220",,,"食料もこの寝床も、こいつが用意したんだよな……。"
"E0189","sharedassets0.assets","7802808",,,"あんなに弱った状態で、なぜそこまで？"
"E0190","sharedassets0.assets","7803380",,,"おれもまだまともに動けないし、しばらくここで休むしかない。"
"E0191","sharedassets0.assets","7803984",,,"どうにかして話をしたいが……。"
"E0192","sharedassets0.assets","7804540",,,"少女が昨日、壊れた声で話しかけてきたことを思い出す。"
"E0193","sharedassets0.assets","7805136",,,"あの音……なんとか解読できないだろうか？"
"E0194","sharedassets0.assets","7805704",,,"おれはカバンの中を眺めながら、少し思案する。"
"E0195","sharedassets0.assets","7806280",,,"装備の携帯端末に、録音再生機能があったことを思い出した。"
"E0196","sharedassets0.assets","7806880",,,"……ためしてみるか。"
"E0197","sharedassets0.assets","7807420",,,"おれは少女に近寄り、目の前で所持品をいくつか並べた。"
"E0198","sharedassets0.assets","7808008",,,"その中の一つを指さすと、少女は不思議そうな様子で音を鳴らしはじめた――"
"E0199","sharedassets0.assets","7808692",,,"――ふと少女を見ると、つらそうな様子だった。"
"E0200","sharedassets0.assets","7809268",,,"エネルギーを消耗しすぎたのだろう。今日は休ませることにした。"
"E0201","sharedassets0.assets","7809880",,,"――結局、会話らしい会話はできなかったか。"
"E0202","sharedassets0.assets","7810460",,,"でも、こうやって地道に解読していくしかないな……。"
"E0203","sharedassets0.assets","7811044",,,"――子どものころ、家に家事アンドロイドがいた。"
"E0204","sharedassets0.assets","7811680",,,"少し動きが鈍くて、声もたまに変だったけど、おれはあいつが好きだった。"
"E0205","sharedassets0.assets","7812292",,,"くだらないことを話しかけても、毎回ちゃんと反応してくれたから。"
"E0206","sharedassets0.assets","7812896",,,"家族には呆れられてたけど……。"
"E0207","sharedassets0.assets","7813452",,,"当時のおれにとって、あいつは立派な家族の一員だったんだ。"
"E0208","sharedassets0.assets","7814044",,,"――古びた髪飾りを眺めながら、そんなことを思い出していた。"
"E0209","sharedassets0.assets","7814656",,,"――やっぱり、話をするなんて無駄かもな。"
"E0210","sharedassets0.assets","7815280",,,"相手はアンドロイドだ。不用意に関わりすぎないようにせねば……。"
"E0211","sharedassets0.assets","7815884",,,"そんなことを考えながら、おれは眠りについた。"
"E0212","sharedassets0.assets","7816676",,,"不審な物音で目が覚めた。"
"E0213","sharedassets0.assets","7817220",,,"この廃墟の隣にある倉庫からだった。"
"E0214","sharedassets0.assets","7817780",,,"敵の可能性も考えられる。"
"E0215","sharedassets0.assets","7818324",,,"万全を期して、おれはハンドガンを携えた。"
"E0216","sharedassets0.assets","7818892",,,"物音を立てないように、倉庫の入口に静かに近づく。"
"E0217","sharedassets0.assets","7819472",,,"扉は半開きだった。"
"E0218","sharedassets0.assets","7820008",,,"隙間から、そっと中を覗いてみると……"
"E0219","sharedassets0.assets","7820572",,,"目に入ったのは、うず高く積もった物資の山。"
"E0220","sharedassets0.assets","7821144",,,"そばには、不自然に傾いた、背の高い陳列棚があった。"
"E0221","sharedassets0.assets","7821728",,,"なにやら、ピロピロと聞き慣れた音が聞こえる。"
"E0222","sharedassets0.assets","7822304",,,"{echo:たすけてー}"
"E0223","sharedassets0.assets","7822836",,,"……よくわからないが、なんとなく情けない響きだった。"
"E0224","sharedassets0.assets","7823424",,,"見ると、物資の山のてっぺんから、ぴょこんと飛び出す頭。"
"E0225","sharedassets0.assets","7824016",,,"しょぼくれた目が、こちらを見つめていた。"
"E0226","sharedassets0.assets","7824592",,,"なにやってるんだ……。"
"E0227","sharedassets0.assets","7825176",,,"{echo:たすけて}"
"E0228","sharedassets0.assets","7825704",,,"どうやら自力では抜け出せないらしい。"
"E0229","sharedassets0.assets","7826268",,,"このままにするのも忍びないので、助けてあげた。"
"E0230","sharedassets0.assets","7827388",,,"少女は、歩けはするものの、フラフラだった。"
"E0231","sharedassets0.assets","7827960",,,"どうやら、まだ脚部の駆動が安定しないらしい。"
"E0232","sharedassets0.assets","7828536",,,"大方、棚にぶつかりでもして物資が落ちてきたのだろう。"
"E0233","sharedassets0.assets","7829132",,,"万全じゃないんだから、無理するな。"
"E0234","sharedassets0.assets","7829700",,,"{echo:れーしよん　みつけた}"
"E0235","sharedassets0.assets","7830772",,,"とりあえず、大事はなさそうだ。"
"E0236","sharedassets0.assets","7831328",,,"ふと、床に散らばったものを眺める。"
"E0237","sharedassets0.assets","7831888",,,"食料、飲料、医薬品など、さまざまな物資だった。"
"E0238","sharedassets0.assets","7832476",,,"なるほど、使えそうだな……。"
"E0239","sharedassets0.assets","7833028",,,"きょとんとする少女をよそに、それらをいくつか手に取る。"
"E0240","sharedassets0.assets","7833684",,,"昨日と同じ要領で、指差し確認の時間がはじまった。"
"E0241","sharedassets0.assets","7835488",,,"――今日も意思疎通できたかは怪しいが……"
"E0242","sharedassets0.assets","7836064",,,"なんとなく、聞き分けられるようにはなってきたかも？"
"E0243","sharedassets0.assets","7836648",,,"その晩。"
"E0244","sharedassets0.assets","7837196",,,"ふと寝床を見ると、あのレーションが積まれていた。"
"E0245","sharedassets0.assets","7837776",,,"新しい飲料水も、几帳面に並べられている。"
"E0246","sharedassets0.assets","7838344",,,"いつの間にか、あいつが補充してくれたようだ。"
"E0247","sharedassets0.assets","7838928",,,"そうか、これを探しに……。"
"E0248","sharedassets0.assets","7839476",,,"一つ手に取って、包装から取り出し、無造作にかじる。"
"E0249","sharedassets0.assets","7840060",,,"やっぱり、口の中ですぐに粘土になった。"
"E0250","sharedassets0.assets","7840628",,,"でも、味は意外としっかりしていることに気づいた。"
"E0251","sharedassets0.assets","7841216",,,"……たまになら、悪くはないな。"
"E0252","sharedassets0.assets","7841772",,,"不思議とそう思えるのだった。"
"E0253","sharedassets0.assets","7842340",,,"――おれは一体なにをやってるんだ。"
"E0254","sharedassets0.assets","7842928",,,"あいつに敵意は無さそうだが、決して気を許してはならない。"
"E0255","sharedassets0.assets","7843520",,,"自分の体力回復が第一優先だ。さっさと寝よう。"
"E0256","sharedassets0.assets","7844352",,,"今朝はずっと雨が降っている。"
"E0257","sharedassets0.assets","7844904",,,"ここはボロボロの廃屋だが、幸いにも雨漏りはひどくない。"
"E0258","sharedassets0.assets","7845496",,,"あいつもだいぶ良くなってきたのか、体を起こして窓際でぼんやりしている。"
"E0259","sharedassets0.assets","7846112",,,"――ひとつ、気づいたことがあった。"
"E0260","sharedassets0.assets","7846672",,,"あいつ、どうやら文字も認識できていないらしい。"
"E0261","sharedassets0.assets","7847252",,,"だが、絵や写真には反応する。"
"E0262","sharedassets0.assets","7847804",,,"そう考えていると、少女がこちらにやってきた。"
"E0263","sharedassets0.assets","7848380",,,"何かを大事そうに抱えている。"
"E0264","sharedassets0.assets","7848932",,,"それは、傷だらけの古びたノートだった。"
"E0265","sharedassets0.assets","7849500",,,"中を開くと、拙い絵と、ほとんどかすれた文字が並んでいた――"
"E0266","sharedassets0.assets","7851352",,,"{echo:どうかゆるして}"
"E0267","sharedassets0.assets","7851896",,,"{echo:ごめんなさい}"
"E0268","sharedassets0.assets","7853012",,,"少し動きが鈍くて、声もたまに変だったけど、おれはあいつが好きだった。\n"
"E0269","sharedassets0.assets","7854228",,,"戦争が始まって、すべてのアンドロイドが回収された日。"
"E0270","sharedassets0.assets","7854816",,,"おれは泣きながら、あいつの手を離した。"
"E0271","sharedassets0.assets","7855392",,,"まさか、おまえは……"
"E0272","sharedassets0.assets","7855940",,,"いや、そんなはずはない――"
"E0273","sharedassets0.assets","7856488",,,"あのときあいつから託された髪飾りを眺めながら。"
"E0274","sharedassets0.assets","7857132",,,"思い出しかけたものを、無理やり押し戻した。"
"E0275","sharedassets0.assets","7857768",,,"あいつはもう、ずっと昔にいなくなった。"
"E0276","sharedassets0.assets","7858400",,,"それに、目の前の少女とは、姿形もまるで違う。"
"E0277","sharedassets0.assets","7859040",,,"そんなはずがないのだ。"
"E0278","sharedassets0.assets","7859648",,,"そう思うしかなかった。"
"E0279","sharedassets0.assets","7860272",,,"子どものころ、家にアンドロイドがいた。"
"E0280","sharedassets0.assets","7860868",,,"当時のおれは、そいつに懐いていたような気がする。"
"E0281","sharedassets0.assets","7861448",,,"はっきりしたことは何も思い出せないが……。"
"E0282","sharedassets0.assets","7862020",,,"それにしても、こいつはおれに何を伝えたかったんだ？"
"E0283","sharedassets0.assets","7862604",,,"あの日記は一体？"
"E0284","sharedassets0.assets","7863136",,,"……そんなことはどうでもよかった。"
"E0285","sharedassets0.assets","7863696",,,"はやくこんな所からはおさらばだ。"
"E0286","sharedassets0.assets","7864252",,,"おれはさっさと眠りについた。"
"E0287","sharedassets0.assets","7865020",,,"昨夜はほとんど眠れなかった。"
"E0288","sharedassets0.assets","7865572",,,"雨は、いつの間にか止んでいた。"
"E0289","sharedassets0.assets","7866128",,,"東の空が、遠く白み始めている。"
"E0290","sharedassets0.assets","7866684",,,"張り詰めるように澄んだ空気が、あたりに満ちていた。"
"E0291","sharedassets0.assets","7867268",,,"ふと見ると、少女が不安げなそぶりで、しきりに森の奥を気にしている。"
"E0292","sharedassets0.assets","7867908",,,"これまでに見たことのない様子だった。"
"E0293","sharedassets0.assets","7868472",,,"一体何があったのか尋ねたいが、言葉は通じない。"
"E0294","sharedassets0.assets","7869052",,,"これまでに解読した音を使って、なんとか会話を試みるしかない。"
"E0295","sharedassets0.assets","7869652",,,"おれは、携帯端末の再生モードを起動した。"
"E0296","sharedassets0.assets","7870220",,,"そして、少女を落ち着かせるように、こう言った――"
"E0297","sharedassets0.assets","7871244",,,"なにがあった"
"E0298","sharedassets0.assets","7871284",,,"だいじょうぶか"
"E0299","sharedassets0.assets","7871328",,,"[何も言わない]"
"E0300","sharedassets0.assets","7871464",,,"少女は、はっとした様子でこちらを見つめる。"
"E0301","sharedassets0.assets","7872036",,,"そして、再び森の奥を指さしながら、こう言った。"
"E0302","sharedassets0.assets","7872616",,,"{echo:やつらがくる}"
"E0303","sharedassets0.assets","7873152",,,"直後、遠くから鈍い振動が響いた。"
"E0304","sharedassets0.assets","7873708",,,"重たい金属が、あらゆるものを押しつぶす音。"
"E0305","sharedassets0.assets","7874280",,,"規則正しく鳴り響くそれが、着実に近づいてくる。"
"E0306","sharedassets0.assets","7874868",,,"……アンドロイド兵か。"
"E0307","sharedassets0.assets","7875412",,,"はじめて言葉が通じた喜びも束の間だった。"
"E0308","sharedassets0.assets","7875980",,,"おれは双眼鏡を手に取り、森の奥に向ける。"
"E0309","sharedassets0.assets","7876548",,,"薄闇の中に、不気味に黒光りする影が蠢いた。"
"E0310","sharedassets0.assets","7877120",,,"人間を追い詰め、殺すためだけに作られた、おぞましい機械。"
"E0311","sharedassets0.assets","7877712",,,"それは、あの日記に描かれていた通りの異形だった。"
"E0312","sharedassets0.assets","7878292",,,"しかも、一体ではなかった。"
"E0313","sharedassets0.assets","7878840",,,"赤い光が、木々の隙間にいくつも並んでいる。"
"E0314","sharedassets0.assets","7879412",,,"すべてを殲滅すべく、整然と向かってきていた。"
"E0315","sharedassets0.assets","7879988",,,"――この状況で、はたして戦えるのか。"
"E0316","sharedassets0.assets","7880552",,,"確かに、おれはこの数日でかなり回復している。"
"E0317","sharedassets0.assets","7881128",,,"だが、今の装備でやつらに太刀打ちできるとは思えない。"
"E0318","sharedassets0.assets","7881716",,,"それに、こいつのこともある。"
"E0319","sharedassets0.assets","7882300",,,"おれを匿っていたこいつは、問答無用で破壊されるだろう。"
"E0320","sharedassets0.assets","7882892",,,"人類殲滅の役に立たない個体は、仲間であろうと処分される。"
"E0321","sharedassets0.assets","7883484",,,"やつらに、慈悲の心はないのだから。"
"E0322","sharedassets0.assets","7884044",,,"少しの逡巡のあと、おれはこう言った――"
"E0323","sharedassets0.assets","7885024",,,"いっしょににげよう"
"E0324","sharedassets0.assets","7885072",,,"いっしょにたたかおう"
"E0325","sharedassets0.assets","7886464",,,"肩を貸す。一緒に逃げるぞ！"
"E0326","sharedassets0.assets","7887012",,,"少女は、驚いたようにおれを見た。"
"E0327","sharedassets0.assets","7887568",,,"そして、こちらの服をそっと掴んだ。"
"E0328","sharedassets0.assets","7888128",,,"そのとき――少女の胸元のLEDが強く明滅した。"
"E0329","sharedassets0.assets","7888708",,,"――ありがとう"
"E0330","sharedassets0.assets","7889272",,,"かすれて、途切れた声。"
"E0331","sharedassets0.assets","7889816",,,"けれど、それはもう電子音ではなかった。"
"E0332","sharedassets0.assets","7890384",,,"懐かしい声だった。"
"E0333","sharedassets0.assets","7890920",,,"その声を聞いた瞬間、胸の奥に、古い記憶がこだました。"
"E0334","sharedassets0.assets","7891508",,,"眠れない夜。そっと握られた、あたたかな手。"
"E0335","sharedassets0.assets","7892080",,,"あのころ、おれがくだらない話をするたびに。"
"E0336","sharedassets0.assets","7892652",,,"あいつはいつも、頼りなげに微笑んでいた。"
"E0337","sharedassets0.assets","7893260",,,"……お前、やっぱり……"
"E0338","sharedassets0.assets","7893804",,,"少女は答えない。"
"E0339","sharedassets0.assets","7894336",,,"遠くから、冷たい足音が近づいている。"
"E0340","sharedassets0.assets","7894900",,,"話している時間はない。"
"E0341","sharedassets0.assets","7895452",,,"……いや。今はいい。"
"E0342","sharedassets0.assets","7896000",,,"行こう。"
"E0343","sharedassets0.assets","7896520",,,"少女は、小さな声でつぶやいた。"
"E0344","sharedassets0.assets","7898180",,,"その声は、もう元の機械音に戻っていた。"
"E0345","sharedassets0.assets","7898748",,,"けれどもいつものように、やさしく微笑んでいた。"
"E0346","sharedassets0.assets","7900456",,,"ここでやつらと戦うぞ。"
"E0347","sharedassets0.assets","7901008",,,"心もとないが、お前にはこれを渡しておく。"
"E0348","sharedassets0.assets","7901576",,,"護身用のハンドガンと手榴弾を少女に手渡した。"
"E0349","sharedassets0.assets","7902152",,,"震えながら、それらを受け取る少女。"
"E0350","sharedassets0.assets","7902712",,,"――そのとき、森の奥が一斉に光った。"
"E0351","sharedassets0.assets","7903276",,,"避ける余裕など、なかった。"
"E0352","sharedassets0.assets","7903824",,,"無数のレーザー光が、廃墟を複数の直線状に滅多切りにする。"
"E0353","sharedassets0.assets","7904416",,,"コンクリートの壁は、切断面に沿って瞬時に蒸発し、崩壊した。"
"E0354","sharedassets0.assets","7905012",,,"超高熱の光の軌跡。"
"E0355","sharedassets0.assets","7905548",,,"それに沿って発生したプラズマが、ほとんど光の速度で膨張する。"
"E0356","sharedassets0.assets","7906148",,,"あたりは轟音と爆風に包まれた。"
"E0357","sharedassets0.assets","7906704",,,"おれたちは、土砂や瓦礫ともみくちゃになりながら吹き飛ばされた。"
"E0358","sharedassets0.assets","7907308",,,"まだ生きているのが不思議なくらいだった。"
"E0359","sharedassets0.assets","7907876",,,"地獄のような炎の隙間から、やつらが向かってくるのが見えた。"
"E0360","sharedassets0.assets","7908472",,,"どうしようもなかった。"
"E0361","sharedassets0.assets","7909016",,,"戦力差は絶望的だった。"
"E0362","sharedassets0.assets","7909560",,,"閃光が焼き付く視界の中で、そばに転がる瓢箪状のものが見えた。"
"E0363","sharedassets0.assets","7910160",,,"それは少女だった。"
"E0364","sharedassets0.assets","7910696",,,"体が、ほとんどばらばらになっている。"
"E0365","sharedassets0.assets","7911260",,,"かろうじて頭部と胴体が繋がっているようだ。"
"E0366","sharedassets0.assets","7911832",,,"シャットダウンは、もうすぐだろう。"
"E0367","sharedassets0.assets","7912392",,,"そのとき――声が聞こえた。"
"E0368","sharedassets0.assets","7912948",,,"――ごめんなさい"
"E0369","sharedassets0.assets","7914024",,,"それはもう、電子音ではなかった。"
"E0370","sharedassets0.assets","7917968",,,"少女はもう、動かなかった。"
"E0371","sharedassets0.assets","7918516",,,"再び、閃光が走った。"
"E0372","sharedassets0.assets","7919056",,,"おれは、もう何も見えなかった。"
"E0373","sharedassets0.assets","7919612",,,"やつらの足音だけが頭の中で鳴り響いていた。"
"E0374","sharedassets0.assets","7920184",,,"じきにそれも聞こえなくなった。"
"E0375","sharedassets0.assets","7920740",,,"遠くの方で、熱と痛みを感じる。"
"E0376","sharedassets0.assets","7921296",,,"すべてが、おれから遠ざかっていった。"
"E0377","sharedassets0.assets","7922376",,,"おれが　あやまらなければ　ならなかったのに――"
"E0378","sharedassets0.assets","7922956",,,"きづけなくて　すまなかった"
"E0379","sharedassets0.assets","7923504",,,"もっと　おまえと　はなしが　できれば――"
"E0380","sharedassets0.assets","7924644",,,"BAD END: 残響"
"E0381","sharedassets0.assets","7926736",,,"ピロピロとうるさい音で目が覚めた。"
"E0382","sharedassets0.assets","7927296",,,"見ると、少女が森の奥の方向へ、しきりに音を鳴らしている。"
"E0383","sharedassets0.assets","7928460",,,"おい、何をやっている？"
"E0384","sharedassets0.assets","7929004",,,"──直後、その方向から鈍い振動が鳴り響く。"
"E0385","sharedassets0.assets","7930736",,,"……アンドロイド兵か！？"
"E0386","sharedassets0.assets","7931288",,,"まさか、お前が呼び寄せたのか……"
"E0387","sharedassets0.assets","7931844",,,"噂で聞いた通りの、不審な挙動。"
"E0388","sharedassets0.assets","7932400",,,"やはり、こいつは人畜無害を装った敵兵だったか。"
"E0389","sharedassets0.assets","7932980",,,"少しでも心を許したのが馬鹿だった。"
"E0390","sharedassets0.assets","7933540",,,"おれはハンドガンを取り出し、少女に銃口を向ける。"
"E0391","sharedassets0.assets","7934184",,,"おびえたような顔で、必死に意味不明な音を鳴らしていた。"
"E0392","sharedassets0.assets","7934808",,,"{echo:やめて}"
"E0393","sharedassets0.assets","7935340",,,"……黙れ。"
"E0394","sharedassets0.assets","7935864",,,"もう、機械の猿芝居には騙されない。"
"E0395","sharedassets0.assets","7936424",,,"{echo:おねがい}"
"E0396","sharedassets0.assets","7936952",,,"うるさい。"
"E0397","sharedassets0.assets","7937476",,,"おれは引き金を引いた。"
"E0398","sharedassets0.assets","7938020",,,"かすかな破裂音が響く。"
"E0399","sharedassets0.assets","7938564",,,"小口径の弾丸が、静かに少女の頭部を貫いた。"
"E0400","sharedassets0.assets","7939136",,,"よくわからない電子音が、少女からとめどなく発せられる。"
"E0401","sharedassets0.assets","7939728",,,"そのとき、少女の胸元のLEDが強く明滅した。"
"E0402","sharedassets0.assets","7940304",,,"──にげて"
"E0403","sharedassets0.assets","7941372",,,"それは電子音ではなかった。"
"E0404","sharedassets0.assets","7941920",,,"その言葉を最後に、少女は崩れ落ちた。"
"E0405","sharedassets0.assets","7942484",,,"LEDは、ゆっくりと光を失っていく。"
"E0406","sharedassets0.assets","7944232",,," ……瞬間的に言語回路が復旧したのか？"
"E0407","sharedassets0.assets","7944804",,,"最後の最後まで演技をするとは、よくわからないやつだ。"
"E0408","sharedassets0.assets","7945392",,,"そのことに少し引っかかりを覚えたが、モタモタしてはいられない。"
"E0409","sharedassets0.assets","7945996",,,"こいつが呼び寄せた敵は、すぐ近くまで迫っているのだ。"
"E0410","sharedassets0.assets","7946584",,,"おれは素早く身支度を整えた。"
"E0411","sharedassets0.assets","7947136",,,"そして、倒れた少女を一瞥しつつ、その場をあとにした。"
"E0412","sharedassets0.assets","7947724",,,"もはや完全に動かなくなった少女。"
"E0413","sharedassets0.assets","7948344",,,"その顔には、微笑みが浮かんでいた。"
"E0414","sharedassets0.assets","7949476",,,"BAD END: サイレント"
"E0415","sharedassets0.assets","7951500",,,"ナイフ"
"E0416","sharedassets0.assets","7951516",,,"ないふ"
"E0417","sharedassets0.assets","7951548",,,"ハンドガン"
"E0418","sharedassets0.assets","7951568",,,"はんどがん"
"E0419","sharedassets0.assets","7951604",,,"グレネード"
"E0420","sharedassets0.assets","7951624",,,"ぐれねーど"
"E0421","sharedassets0.assets","7951660",,,"水筒"
"E0422","sharedassets0.assets","7951672",,,"すいとう"
"E0423","sharedassets0.assets","7951704",,,"コンパス"
"E0424","sharedassets0.assets","7951720",,,"こんぱす"
"E0425","sharedassets0.assets","7951772",,,"かみかざり"
"E0426","sharedassets0.assets","7951820",,,"レーション"
"E0427","sharedassets0.assets","7951840",,,"れーしょん"
"E0428","sharedassets0.assets","7951876",,,"飲料水"
"E0429","sharedassets0.assets","7951892",,,"いんりょうすい"
"E0430","sharedassets0.assets","7951940",,,"アルコールランプ"
"E0431","sharedassets0.assets","7951968",,,"あるこーるらんぷ"
"E0432","sharedassets0.assets","7952012",,,"包帯"
"E0433","sharedassets0.assets","7952024",,,"ほうたい"
"E0434","sharedassets0.assets","7952060",,,"懐中電灯"
"E0435","sharedassets0.assets","7952076",,,"かいちゅうでんとう"
"E0436","sharedassets0.assets","7952132",,,"サバイバルブック"
"E0437","sharedassets0.assets","7952160",,,"さばいばるぶっく"
"E0438","sharedassets0.assets","7952204",,,"注射器"
"E0439","sharedassets0.assets","7952220",,,"ちゅうしゃき"
"E0440","sharedassets0.assets","7952276",,,"たんじょうびプレゼント"
"E0441","sharedassets0.assets","7952316",,,"たんじょうび/ぷれぜんと"
"E0442","sharedassets0.assets","7952376",,,"おてつだいアンドロイド"
"E0443","sharedassets0.assets","7952416",,,"おてつだい/あんどろいど"
"E0444","sharedassets0.assets","7952476",,,"パパとママ"
"E0445","sharedassets0.assets","7952496",,,"ぱぱとまま"
"E0446","sharedassets0.assets","7952528",,,"ペットもだいじなかぞく"
"E0447","sharedassets0.assets","7952568",,,"ぺっとも/だいじなかぞく"
"E0448","sharedassets0.assets","7952624",,,"ポピーのかみかざり"
"E0449","sharedassets0.assets","7952656",,,"ぽぴーの/かみかざり"
"E0450","sharedassets0.assets","7952704",,,"せんたくしっぱい　ひみつだよ"
"E0451","sharedassets0.assets","7952752",,,"せんたくしっぱい/ひみつだよ"
"E0452","sharedassets0.assets","7952812",,,"ちぢんだセーター　ごめんなさい"
"E0453","sharedassets0.assets","7952864",,,"ちぢんだせーたー/ごめんなさい"
"E0454","sharedassets0.assets","7952924",,,"ゲームもとくい　つづきはあした"
"E0455","sharedassets0.assets","7952976",,,"げーむもとくい/つづきはあした"
"E0456","sharedassets0.assets","7953040",,,"よるはいっしょに　ぬくぬくベッド"
"E0457","sharedassets0.assets","7953092",,,"よるはいっしょに/ぬくぬくべっど"
"E0458","sharedassets0.assets","7953164",,,"そっとてつなぎ　おやすみなさい"
"E0459","sharedassets0.assets","7953216",,,"そっとてつなぎ/おやすみなさい"
"E0460","sharedassets0.assets","7953304",,,"せめてくる　きかいの　へいし"
"E0461","sharedassets0.assets","7953352",,,"せめてくる/きかいの　へいし"
"E0462","sharedassets0.assets","7953412",,,"いえは　こわされ　きずつき　けがした"
"E0463","sharedassets0.assets","7953472",,,"いえは　こわされ/きずつき　けがした"
"E0464","sharedassets0.assets","7953544",,,"ぼろぼろの　わたしを　つれていく"
"E0465","sharedassets0.assets","7953596",,,"ぼろぼろの　わたしを/つれていく"
"E0466","sharedassets0.assets","7953664",,,"どうか　ゆるして"
"E0467","sharedassets0.assets","7953892",,,"たたかいは　だいきらい"
"E0468","sharedassets0.assets","7954012",,,"ぶきは　みたくない"
"E0469","sharedassets0.assets","7954124",,,"おみず　そうこに　あるよ"
"E0470","sharedassets0.assets","7954244",,,"ここは　にしの　はずれ"
"E0471","sharedassets0.assets","7954372",,,"はものは　にがて"
"E0472","sharedassets0.assets","7954484",,,"もっててくれて　ありがとう"
"E0473","sharedassets0.assets","7954612",,,"ひおこしに　べんり"
"E0474","sharedassets0.assets","7954724",,,"あんどろいど　だけど　にがて"
"E0475","sharedassets0.assets","7954852",,,"どこか　けがしてたら　いってね"
"E0476","sharedassets0.assets","7954988",,,"くらい　よみちも　へいき"
"E0477","sharedassets0.assets","7955116",,,"ふしぎな　ものが　いっぱい"
"E0478","sharedassets0.assets","7955240",,,"これを　さがしてたの"
"E0479","level0","29616",,,"はじめる"
"E0480","level0","34816",,,"体力 {0}/{1}"
"E0481","level0","36876",,,"前へ"
"E0482","level0","36888",,,"次へ"
"E0483","level0","37152",,,"停止"
"E0484","level0","37412",,,"分かった音"
"E0485","level0","37432",,,"戻る"
"E0486","level0","37628",,,"一日を終える"
"E0487","level0","37684",,,"本当に一日を終えますか？"
"E0488","level0","37724",,,"はい"
"E0489","level0","37736",,,"いいえ"
"E0490","level0","37792",,,"過ごし方"
"E0491","level0","37908",,,"- アイテムを見せる -"
"E0492","level0","37940",,,"少女に見せたいアイテムを選択します。"
"E0493","level0","38012",,,"- 声を聞く -"
"E0494","level0","38032",,,"アイテム（または再生ボタン）をクリックすると、\n少女が壊れた声でアイテム名を教えてくれます。"
"E0495","level0","38184",,,"- 文字を並べる -"
"E0496","level0","38212",,,"文字をクリックすると、その文字に対応する音が聞けます。\nアイテム名に対応する順番で文字を並べましょう。"
"E0497","level0","38380",,,"- 一日を終える -"
"E0498","level0","38408",,,"「一日を終える」ボタンが表示されている場合、\nいつでも一日を終えることができます。"
"E0499","level0","38548",,,"- 少女の言葉 -"
"E0500","level0","38572",,,"分かった音が増えてくると、少女の言葉が\nだんだんと理解できるでしょう。"
"E0501","level0","38728",,,"メニュー"
"E0502","level0","38744",,,"ゲームに戻る"
"E0503","level0","38768",,,"タイトルに戻る"
"E0504","level0","38796",,,"ゲームを終了する"
"E0505","level0","38860",,,"ゲームを終了しますか？"
"E0506","level0","38956",,,"前回の続き（Day {0}）から始めますか？\nそれとも最初から始めますか？"
"E0507","level0","39056",,,"つづきから"
"E0508","level0","39076",,,"はじめから"
"E0509","level0","39208",,,"音量設定"
"E0510","level0","39240",,,"閉じる"
"E0511","level0","39392",,,"少女はもう答えられそうにない。明日まで休ませよう。"
"E0512","Assembly-CSharp.dll","1337","Echoes.Runtime.EchoesGameSystem","Inspect","Scenarioが未設定です。"
"E0513","Assembly-CSharp.dll","1369","Echoes.Runtime.EchoesGameSystem","Inspect","Day {0} の定義がありません。"
"E0514","Assembly-CSharp.dll","1407","Echoes.Runtime.EchoesGameSystem","Inspect","調べられない対象です。"
"E0515","Assembly-CSharp.dll","1431","Echoes.Runtime.EchoesGameSystem","Inspect","この日は既に調査済みです。"
"E0516","Assembly-CSharp.dll","1459","Echoes.Runtime.EchoesGameSystem","Inspect","調査成功"
"E0517","Assembly-CSharp.dll","1668","Echoes.Runtime.EchoesGameSystem","ResolveInsufficientGirlStaminaMessage","少女はもう答えられそうにない。"
"E0518","Assembly-CSharp.dll","2537","Echoes.Runtime.EchoesGameUIController","TryStartDebugDay5EndingOutro","EchoesGameSystem が未設定です。"
"E0519","Assembly-CSharp.dll","2587","Echoes.Runtime.EchoesGameUIController","TryStartDebugDay5EndingOutro","EchoesPresentation が未設定です。"
"E0520","Assembly-CSharp.dll","2641","Echoes.Runtime.EchoesGameUIController","TryStartDebugDay5EndingOutro","Ending TypeにNone以外を指定してください。"
"E0521","Assembly-CSharp.dll","2699","Echoes.Runtime.EchoesGameUIController","TryStartDebugDay5EndingOutro","EchoesPresentationにDay 5がありません。"
"E0522","Assembly-CSharp.dll","2763","Echoes.Runtime.EchoesGameUIController","TryStartDebugDay5EndingOutro","Day 5にEnding Type '{0}' の専用Outro lineが設定されていません。"
"E0523","Assembly-CSharp.dll","2861","Echoes.Runtime.EchoesGameUIController","ReportDebugDay5EndingOutroStartError","Day 5 Ending Outroのデバッグ開始に失敗しました。"
"E0524","Assembly-CSharp.dll","3653","Echoes.Runtime.EchoesGameUIController","TryStartDebugEndRoll","' のエンドロールが見つかりません。"
"E0525","Assembly-CSharp.dll","3691","Echoes.Runtime.EchoesGameUIController","TryStartDebugEndRoll","' にlineが設定されていません。"
"E0526","Assembly-CSharp.dll","3729","Echoes.Runtime.EchoesGameUIController","ReportDebugEndRollStartError","エンドロールのデバッグ開始に失敗しました。"
"E0527","Assembly-CSharp.dll","3791","Echoes.Runtime.EchoesGameUIController","ResolveEndRollRouteIdFromText","サイレント"
"E0528","Assembly-CSharp.dll","4109","Echoes.Runtime.EchoesGameUIController","EnsureForgetKnownSoundsButton","わすれる"
"E0529","Assembly-CSharp.dll","4127","Echoes.Runtime.EchoesGameUIController","UpdateForgetConfirmationMessage","「分かった音」をリセットしますか？（"
"E0530","Assembly-CSharp.dll","4165","Echoes.Runtime.EchoesGameUIController","UpdateForgetConfirmationMessage","%解読済み）"
"E0531","Assembly-CSharp.dll","4335","Echoes.Runtime.EchoesGameUIController","BuildForgetConfirmationContent","「分かった音」をリセットしますか？"
"E0532","Assembly-CSharp.dll","5742","Echoes.Runtime.EchoesGameUIController","Start","EchoesGameSystem または Scenario が未設定です。"
"E0533","Assembly-CSharp.dll","6765","Echoes.Runtime.EchoesGameUIController","CreateOperationGuessHelpButton","解読の手引き"
"E0534","Assembly-CSharp.dll","7796","Echoes.Runtime.EchoesGameUIController","CreateOperationGuessDoneButton","完了"
"E0535","Assembly-CSharp.dll","8377","Echoes.Runtime.EchoesGameUIController","OnOperationItemPressed","調査に失敗しました。"
"E0536","Assembly-CSharp.dll","8680","Echoes.Runtime.EchoesGameUIController","OpenPauseMenuConfirmation","ゲームを終了しますか？\n進行状況は自動的に保存されます。"
"E0537","Assembly-CSharp.dll","8738","Echoes.Runtime.EchoesGameUIController","OpenPauseMenuConfirmation","タイトル画面に戻りますか？\n進行状況は自動的に保存されます。"
"E0538","Assembly-CSharp.dll","11188","Echoes.Runtime.EchoesGameUIController","UpdateTitleStartChoiceMessage","前回の続き（Day {0}）から始めますか？\n"
"E0539","Assembly-CSharp.dll","11236","Echoes.Runtime.EchoesGameUIController","UpdateTitleStartChoiceMessage","開始地点を選んでください。"
"E0540","Assembly-CSharp.dll","12460","Echoes.Runtime.EchoesGameUIController",".ctor","前のページへ"
"E0541","Assembly-CSharp.dll","12474","Echoes.Runtime.EchoesGameUIController",".ctor","次のページへ"
"E0542","Assembly-CSharp.dll","12488","Echoes.Runtime.EchoesGameUIController",".ctor","再生"
"E0543","Assembly-CSharp.dll","12500","Echoes.Runtime.EchoesGameUIController",".ctor","音に耳を澄ませる"
"E0544","Assembly-CSharp.dll","12518","Echoes.Runtime.EchoesGameUIController",".ctor","アイテムを押すと、その名を表す音が流れる。\n何度でも聞き直すことができる。"
"E0545","Assembly-CSharp.dll","12594","Echoes.Runtime.EchoesGameUIController",".ctor","印を並べる"
"E0546","Assembly-CSharp.dll","12606","Echoes.Runtime.EchoesGameUIController",".ctor","聞こえた音に対応する印をつまみ、空いた枠へ運ぶ。\n印は並べ替えることも、枠から戻すこともできる。"
"E0547","Assembly-CSharp.dll","12704","Echoes.Runtime.EchoesGameUIController",".ctor","名を読み解く"
"E0548","Assembly-CSharp.dll","12718","Echoes.Runtime.EchoesGameUIController",".ctor","すべての印を正しい順番に並べると、アイテムの名が明らかになる。\n一度分かった音は、別のものを読み解く手がかりとして残る。"
"E0549","Assembly-CSharp.dll","12922","Echoes.Runtime.EchoesGameUIController",".ctor","前回の続き（Day {0}）から始めますか？\n開始地点を選んでください。"
"E0550","Assembly-CSharp.dll","12996","Echoes.Runtime.EchoesGameUIController",".ctor","続きから始める"
"E0551","Assembly-CSharp.dll","13012","Echoes.Runtime.EchoesGameUIController",".ctor","最初から始める"
"E0552","Assembly-CSharp.dll","13486","Echoes.Runtime.EchoesKanaNameTransformer",".cctor","あいうえお"
"E0553","Assembly-CSharp.dll","13498","Echoes.Runtime.EchoesKanaNameTransformer",".cctor","かきくけこ"
"E0554","Assembly-CSharp.dll","13510","Echoes.Runtime.EchoesKanaNameTransformer",".cctor","さしすせそ"
"E0555","Assembly-CSharp.dll","13522","Echoes.Runtime.EchoesKanaNameTransformer",".cctor","たちつてと"
"E0556","Assembly-CSharp.dll","13534","Echoes.Runtime.EchoesKanaNameTransformer",".cctor","なにぬねの"
"E0557","Assembly-CSharp.dll","13546","Echoes.Runtime.EchoesKanaNameTransformer",".cctor","はひふへほ"
"E0558","Assembly-CSharp.dll","13558","Echoes.Runtime.EchoesKanaNameTransformer",".cctor","まみむめも"
"E0559","Assembly-CSharp.dll","13570","Echoes.Runtime.EchoesKanaNameTransformer",".cctor","やゆよ"
"E0560","Assembly-CSharp.dll","13578","Echoes.Runtime.EchoesKanaNameTransformer",".cctor","らりるれろ"
"E0561","Assembly-CSharp.dll","13590","Echoes.Runtime.EchoesKanaNameTransformer",".cctor","わを"
"E0562","Assembly-CSharp.dll","13596","Echoes.Runtime.EchoesKanaNameTransformer",".cctor","がぎぐげご"
"E0563","Assembly-CSharp.dll","13608","Echoes.Runtime.EchoesKanaNameTransformer",".cctor","ざじずぜぞ"
"E0564","Assembly-CSharp.dll","13620","Echoes.Runtime.EchoesKanaNameTransformer",".cctor","だぢづでど"
"E0565","Assembly-CSharp.dll","13632","Echoes.Runtime.EchoesKanaNameTransformer",".cctor","ばびぶべぼ"
"E0566","Assembly-CSharp.dll","13644","Echoes.Runtime.EchoesKanaNameTransformer",".cctor","ぱぴぷぺぽ"
